category,algorithmus,reference_image,test_image,ref_position,response,resptime,image_id
Alltag,siggraph17,images/60.jpg,images/60_siggraph17.jpg,0,0,43.251104,60
Stadt,eccv16,images/36.jpg,images/36_eccv16.jpg,1,1,2.402254,36
Natur,eccv16,images/2.jpg,images/2_eccv16.jpg,0,0,3.484254,2
Alltag,eccv16,images/55.jpg,images/55_eccv16.jpg,1,1,2.504276,55
Natur,eccv16,images/3.jpg,images/3_eccv16.jpg,0,0,9.3594,3
Natur,siggraph17,images/14.jpg,images/14_siggraph17.jpg,1,1,3.6705,14
Stadt,siggraph17,images/38.jpg,images/38_siggraph17.jpg,0,0,1.971091,38
Stadt,eccv16,images/39.jpg,images/39_eccv16.jpg,0,0,4.110001,39
Natur,siggraph17,images/1.jpg,images/1_siggraph17.jpg,0,0,2.213763,1
Stadt,siggraph17,images/23.jpg,images/23_siggraph17.jpg,1,1,7.622019,23
Natur,eccv16,images/17.jpg,images/17_eccv16.jpg,1,0,12.711308,17
Alltag,siggraph17,images/56.jpg,images/56_siggraph17.jpg,1,1,2.15275,56
Alltag,eccv16,images/43.jpg,images/43_eccv16.jpg,0,0,1.845503,43
Alltag,eccv16,images/53.jpg,images/53_eccv16.jpg,1,1,2.377613,53
Natur,siggraph17,images/6.jpg,images/6_siggraph17.jpg,0,0,4.828005,6
Stadt,eccv16,images/32.jpg,images/32_eccv16.jpg,1,1,1.190774,32
Natur,siggraph17,images/16.jpg,images/16_siggraph17.jpg,1,0,4.052523,16
Stadt,eccv16,images/22.jpg,images/22_eccv16.jpg,0,0,1.865282,22
Alltag,siggraph17,images/50.jpg,images/50_siggraph17.jpg,0,0,1.21067,50
Alltag,siggraph17,images/48.jpg,images/48_siggraph17.jpg,0,0,1.144299,48
Natur,siggraph17,images/10.jpg,images/10_siggraph17.jpg,1,1,3.115722,10
Stadt,siggraph17,images/40.jpg,images/40_siggraph17.jpg,0,0,1.193187,40
Alltag,eccv16,images/57.jpg,images/57_eccv16.jpg,1,1,1.057185,57
Alltag,siggraph17,images/45.jpg,images/45_siggraph17.jpg,0,0,1.697161,45
Stadt,siggraph17,images/28.jpg,images/28_siggraph17.jpg,0,0,1.350029,28
Natur,eccv16,images/9.jpg,images/9_eccv16.jpg,1,1,21.278832,9
Natur,eccv16,images/7.jpg,images/7_eccv16.jpg,0,0,1.032493,7
Natur,eccv16,images/13.jpg,images/13_eccv16.jpg,0,0,0.08467,13
Natur,siggraph17,images/5.jpg,images/5_siggraph17.jpg,0,0,1.409765,5
Stadt,siggraph17,images/33.jpg,images/33_siggraph17.jpg,0,0,1.563568,33
Alltag,siggraph17,images/51.jpg,images/51_siggraph17.jpg,0,0,1.500107,51
Stadt,eccv16,images/21.jpg,images/21_eccv16.jpg,1,0,8.156213,21
Stadt,eccv16,images/30.jpg,images/30_eccv16.jpg,0,1,1.08025,30
Natur,siggraph17,images/4.jpg,images/4_siggraph17.jpg,0,1,1.071759,4
Natur,eccv16,images/19.jpg,images/19_eccv16.jpg,1,1,3.519746,19
Stadt,eccv16,images/31.jpg,images/31_eccv16.jpg,0,0,1.587868,31
Alltag,eccv16,images/41.jpg,images/41_eccv16.jpg,0,0,0.941829,41
Alltag,eccv16,images/59.jpg,images/59_eccv16.jpg,0,0,1.378575,59
Stadt,siggraph17,images/34.jpg,images/34_siggraph17.jpg,0,1,2.653318,34
Alltag,eccv16,images/54.jpg,images/54_eccv16.jpg,0,0,1.160504,54
Stadt,eccv16,images/35.jpg,images/35_eccv16.jpg,0,0,1.135128,35
Natur,eccv16,images/15.jpg,images/15_eccv16.jpg,0,0,1.258865,15
Alltag,eccv16,images/47.jpg,images/47_eccv16.jpg,0,0,0.965409,47
Alltag,eccv16,images/49.jpg,images/49_eccv16.jpg,0,0,6.134051,49
Natur,siggraph17,images/11.jpg,images/11_siggraph17.jpg,0,0,0.894654,11
Alltag,siggraph17,images/42.jpg,images/42_siggraph17.jpg,0,0,0.883832,42
Natur,eccv16,images/18.jpg,images/18_eccv16.jpg,0,0,2.351425,18
Stadt,siggraph17,images/37.jpg,images/37_siggraph17.jpg,0,0,1.031322,37
Stadt,eccv16,images/27.jpg,images/27_eccv16.jpg,1,1,0.858377,27
Alltag,eccv16,images/46.jpg,images/46_eccv16.jpg,0,0,0.804894,46
Alltag,siggraph17,images/52.jpg,images/52_siggraph17.jpg,1,1,1.384443,52
Natur,siggraph17,images/12.jpg,images/12_siggraph17.jpg,1,1,0.959934,12
Alltag,siggraph17,images/58.jpg,images/58_siggraph17.jpg,1,1,0.876031,58
Stadt,siggraph17,images/25.jpg,images/25_siggraph17.jpg,0,0,3.288258,25
Alltag,siggraph17,images/44.jpg,images/44_siggraph17.jpg,0,0,0.865815,44
Stadt,eccv16,images/24.jpg,images/24_eccv16.jpg,0,0,1.043938,24
Natur,siggraph17,images/8.jpg,images/8_siggraph17.jpg,0,0,0.847987,8
Stadt,siggraph17,images/26.jpg,images/26_siggraph17.jpg,1,1,0.87864,26
Stadt,siggraph17,images/29.jpg,images/29_siggraph17.jpg,0,0,0.936736,29
Natur,eccv16,images/20.jpg,images/20_eccv16.jpg,1,1,1.26076,20
Alltag,eccv16,images/42.jpg,images/42_eccv16.jpg,0,0,4.533166,42
Natur,eccv16,images/8.jpg,images/8_eccv16.jpg,1,1,4.153356,8
Stadt,eccv16,images/30.jpg,images/30_eccv16.jpg,1,0,8.014469,30
Alltag,siggraph17,images/46.jpg,images/46_siggraph17.jpg,0,1,4.806393,46
Alltag,eccv16,images/60.jpg,images/60_eccv16.jpg,0,1,5.527398,60
Stadt,eccv16,images/23.jpg,images/23_eccv16.jpg,1,1,3.532487,23
Alltag,eccv16,images/53.jpg,images/53_eccv16.jpg,0,0,2.808087,53
Natur,eccv16,images/19.jpg,images/19_eccv16.jpg,1,1,3.966301,19
Stadt,eccv16,images/26.jpg,images/26_eccv16.jpg,1,1,3.567259,26
Alltag,siggraph17,images/55.jpg,images/55_siggraph17.jpg,1,1,5.960031,55
Natur,eccv16,images/11.jpg,images/11_eccv16.jpg,0,0,4.858497,11
Alltag,siggraph17,images/43.jpg,images/43_siggraph17.jpg,0,0,3.772096,43
Stadt,siggraph17,images/29.jpg,images/29_siggraph17.jpg,1,1,2.485276,29
Stadt,eccv16,images/21.jpg,images/21_eccv16.jpg,1,0,4.560959,21
Stadt,eccv16,images/22.jpg,images/22_eccv16.jpg,0,0,3.343176,22
Natur,siggraph17,images/4.jpg,images/4_siggraph17.jpg,1,0,3.092718,4
Alltag,eccv16,images/50.jpg,images/50_eccv16.jpg,1,1,2.435593,50
Natur,siggraph17,images/7.jpg,images/7_siggraph17.jpg,0,0,2.694418,7
Stadt,eccv16,images/33.jpg,images/33_eccv16.jpg,0,1,8.238816,33
Natur,siggraph17,images/6.jpg,images/6_siggraph17.jpg,1,1,8.407683,6
Natur,eccv16,images/20.jpg,images/20_eccv16.jpg,0,0,2.966777,20
Alltag,siggraph17,images/57.jpg,images/57_siggraph17.jpg,1,1,11.297719,57
Natur,siggraph17,images/13.jpg,images/13_siggraph17.jpg,1,0,3.743603,13
Stadt,eccv16,images/38.jpg,images/38_eccv16.jpg,1,1,6.443893,38
Alltag,eccv16,images/52.jpg,images/52_eccv16.jpg,1,1,2.387682,52
Alltag,siggraph17,images/44.jpg,images/44_siggraph17.jpg,1,1,4.620304,44
Stadt,siggraph17,images/32.jpg,images/32_siggraph17.jpg,1,1,2.613352,32
Alltag,eccv16,images/56.jpg,images/56_eccv16.jpg,1,1,3.761989,56
Natur,eccv16,images/17.jpg,images/17_eccv16.jpg,0,0,3.205189,17
Stadt,eccv16,images/31.jpg,images/31_eccv16.jpg,1,1,5.32523,31
Stadt,siggraph17,images/28.jpg,images/28_siggraph17.jpg,1,1,1.969304,28
Stadt,eccv16,images/35.jpg,images/35_eccv16.jpg,1,0,3.289263,35
Alltag,siggraph17,images/54.jpg,images/54_siggraph17.jpg,1,1,2.261679,54
Natur,eccv16,images/1.jpg,images/1_eccv16.jpg,0,0,2.56694,1
Alltag,siggraph17,images/58.jpg,images/58_siggraph17.jpg,1,1,2.265378,58
Stadt,siggraph17,images/25.jpg,images/25_siggraph17.jpg,1,1,4.485039,25
Natur,eccv16,images/3.jpg,images/3_eccv16.jpg,0,0,10.803672,3
Alltag,eccv16,images/47.jpg,images/47_eccv16.jpg,1,1,3.311255,47
Alltag,siggraph17,images/49.jpg,images/49_siggraph17.jpg,1,1,4.676246,49
Natur,siggraph17,images/5.jpg,images/5_siggraph17.jpg,0,0,5.944783,5
Stadt,siggraph17,images/36.jpg,images/36_siggraph17.jpg,1,1,3.401933,36
Alltag,eccv16,images/45.jpg,images/45_eccv16.jpg,0,0,2.757587,45
Natur,eccv16,images/16.jpg,images/16_eccv16.jpg,0,0,3.905241,16
Stadt,siggraph17,images/34.jpg,images/34_siggraph17.jpg,1,0,2.019745,34
Stadt,siggraph17,images/24.jpg,images/24_siggraph17.jpg,1,1,3.477602,24
Natur,siggraph17,images/10.jpg,images/10_siggraph17.jpg,1,1,4.891785,10
Alltag,eccv16,images/51.jpg,images/51_eccv16.jpg,1,1,2.870432,51
Natur,eccv16,images/14.jpg,images/14_eccv16.jpg,1,1,3.024988,14
Stadt,siggraph17,images/40.jpg,images/40_siggraph17.jpg,0,1,5.866042,40
Alltag,siggraph17,images/59.jpg,images/59_siggraph17.jpg,1,1,1.973887,59
Stadt,siggraph17,images/37.jpg,images/37_siggraph17.jpg,0,0,2.773127,37
Natur,siggraph17,images/9.jpg,images/9_siggraph17.jpg,0,0,5.931903,9
Alltag,eccv16,images/48.jpg,images/48_eccv16.jpg,0,0,4.279547,48
Stadt,eccv16,images/27.jpg,images/27_eccv16.jpg,1,0,5.574754,27
Alltag,siggraph17,images/41.jpg,images/41_siggraph17.jpg,1,0,8.716596,41
Natur,eccv16,images/18.jpg,images/18_eccv16.jpg,1,0,5.844815,18
Natur,siggraph17,images/15.jpg,images/15_siggraph17.jpg,0,0,5.121587,15
Natur,siggraph17,images/12.jpg,images/12_siggraph17.jpg,1,0,8.909082,12
Natur,siggraph17,images/2.jpg,images/2_siggraph17.jpg,1,1,3.748079,2
Stadt,siggraph17,images/39.jpg,images/39_siggraph17.jpg,0,1,7.982558,39
Stadt,siggraph17,images/30.jpg,images/30_siggraph17.jpg,0,0,5.025325,30
Stadt,eccv16,images/35.jpg,images/35_eccv16.jpg,1,1,2.656642,35
Stadt,eccv16,images/37.jpg,images/37_eccv16.jpg,0,0,1.903305,37
Natur,eccv16,images/9.jpg,images/9_eccv16.jpg,0,0,1.250498,9
Stadt,siggraph17,images/40.jpg,images/40_siggraph17.jpg,0,0,1.140742,40
Stadt,eccv16,images/38.jpg,images/38_eccv16.jpg,1,1,1.090245,38
Alltag,eccv16,images/52.jpg,images/52_eccv16.jpg,1,1,5.331726,52
Alltag,siggraph17,images/49.jpg,images/49_siggraph17.jpg,1,1,1.278979,49
Natur,siggraph17,images/17.jpg,images/17_siggraph17.jpg,1,1,1.987147,17
Natur,eccv16,images/7.jpg,images/7_eccv16.jpg,0,0,0.949857,7
Stadt,eccv16,images/31.jpg,images/31_eccv16.jpg,1,1,3.372806,31
Stadt,eccv16,images/23.jpg,images/23_eccv16.jpg,0,0,1.529802,23
Natur,siggraph17,images/1.jpg,images/1_siggraph17.jpg,1,1,1.382297,1
Natur,siggraph17,images/11.jpg,images/11_siggraph17.jpg,1,1,1.228003,11
Natur,siggraph17,images/13.jpg,images/13_siggraph17.jpg,0,0,1.504247,13
Stadt,eccv16,images/21.jpg,images/21_eccv16.jpg,1,1,1.641242,21
Stadt,eccv16,images/26.jpg,images/26_eccv16.jpg,1,1,1.092528,26
Alltag,eccv16,images/47.jpg,images/47_eccv16.jpg,1,1,1.362465,47
Natur,eccv16,images/14.jpg,images/14_eccv16.jpg,1,1,1.12544,14
Stadt,siggraph17,images/27.jpg,images/27_siggraph17.jpg,1,1,0.964712,27
Natur,siggraph17,images/5.jpg,images/5_siggraph17.jpg,1,1,3.010386,5
Stadt,siggraph17,images/22.jpg,images/22_siggraph17.jpg,1,1,1.531884,22
Alltag,siggraph17,images/55.jpg,images/55_siggraph17.jpg,0,0,1.009064,55
Natur,eccv16,images/10.jpg,images/10_eccv16.jpg,0,0,2.269024,10
Stadt,siggraph17,images/24.jpg,images/24_siggraph17.jpg,0,1,2.586696,24
Stadt,siggraph17,images/29.jpg,images/29_siggraph17.jpg,1,1,3.652428,29
Stadt,eccv16,images/36.jpg,images/36_eccv16.jpg,0,0,1.104087,36
Natur,siggraph17,images/19.jpg,images/19_siggraph17.jpg,0,0,3.167876,19
Alltag,siggraph17,images/59.jpg,images/59_siggraph17.jpg,0,0,1.015779,59
Natur,eccv16,images/12.jpg,images/12_eccv16.jpg,0,0,2.913655,12
Alltag,eccv16,images/51.jpg,images/51_eccv16.jpg,1,1,0.97968,51
Alltag,siggraph17,images/45.jpg,images/45_siggraph17.jpg,0,0,4.074239,45
Alltag,eccv16,images/58.jpg,images/58_eccv16.jpg,0,1,2.342379,58
Natur,siggraph17,images/8.jpg,images/8_siggraph17.jpg,0,0,2.931245,8
Stadt,siggraph17,images/34.jpg,images/34_siggraph17.jpg,1,1,2.156548,34
Stadt,eccv16,images/28.jpg,images/28_eccv16.jpg,0,0,2.008322,28
Natur,eccv16,images/18.jpg,images/18_eccv16.jpg,0,0,3.468187,18
Alltag,siggraph17,images/41.jpg,images/41_siggraph17.jpg,1,1,1.666457,41
Alltag,eccv16,images/42.jpg,images/42_eccv16.jpg,0,0,3.239484,42
Natur,eccv16,images/15.jpg,images/15_eccv16.jpg,1,1,3.127364,15
Alltag,eccv16,images/54.jpg,images/54_eccv16.jpg,1,1,1.001296,54
Alltag,siggraph17,images/48.jpg,images/48_siggraph17.jpg,0,0,3.229937,48
Alltag,siggraph17,images/60.jpg,images/60_siggraph17.jpg,0,0,2.110229,60
Natur,siggraph17,images/2.jpg,images/2_siggraph17.jpg,0,0,4.794733,2
Natur,siggraph17,images/16.jpg,images/16_siggraph17.jpg,0,0,1.786115,16
Natur,eccv16,images/20.jpg,images/20_eccv16.jpg,1,1,3.301051,20
Alltag,eccv16,images/57.jpg,images/57_eccv16.jpg,0,0,2.273792,57
Alltag,eccv16,images/53.jpg,images/53_eccv16.jpg,1,1,1.295192,53
Stadt,siggraph17,images/25.jpg,images/25_siggraph17.jpg,1,0,4.92286,25
Natur,eccv16,images/4.jpg,images/4_eccv16.jpg,0,0,1.586604,4
Alltag,siggraph17,images/50.jpg,images/50_siggraph17.jpg,0,0,1.964535,50
Stadt,siggraph17,images/39.jpg,images/39_siggraph17.jpg,0,0,2.683728,39
Natur,eccv16,images/3.jpg,images/3_eccv16.jpg,0,0,9.717414,3
Alltag,eccv16,images/44.jpg,images/44_eccv16.jpg,1,1,1.460438,44
Natur,siggraph17,images/6.jpg,images/6_siggraph17.jpg,0,0,4.943529,6
Alltag,siggraph17,images/43.jpg,images/43_siggraph17.jpg,1,1,3.116345,43
Stadt,siggraph17,images/33.jpg,images/33_siggraph17.jpg,1,1,4.762979,33
Alltag,eccv16,images/46.jpg,images/46_eccv16.jpg,0,0,0.97243,46
Stadt,eccv16,images/32.jpg,images/32_eccv16.jpg,0,0,3.564728,32
Alltag,siggraph17,images/56.jpg,images/56_siggraph17.jpg,1,1,1.079572,56
Alltag,siggraph17,images/55.jpg,images/55_siggraph17.jpg,0,0,9.826508,55
Stadt,siggraph17,images/30.jpg,images/30_siggraph17.jpg,1,1,4.111072,30
Stadt,siggraph17,images/21.jpg,images/21_siggraph17.jpg,0,1,6.834809,21
Natur,eccv16,images/1.jpg,images/1_eccv16.jpg,0,0,4.897376,1
Stadt,eccv16,images/24.jpg,images/24_eccv16.jpg,1,1,3.765166,24
Stadt,eccv16,images/22.jpg,images/22_eccv16.jpg,0,0,4.99418,22
Stadt,eccv16,images/32.jpg,images/32_eccv16.jpg,1,1,3.107458,32
Alltag,eccv16,images/57.jpg,images/57_eccv16.jpg,1,1,13.124051,57
Alltag,eccv16,images/42.jpg,images/42_eccv16.jpg,1,1,4.366351,42
Stadt,siggraph17,images/40.jpg,images/40_siggraph17.jpg,1,1,2.887345,40
Natur,eccv16,images/2.jpg,images/2_eccv16.jpg,1,1,9.689805,2
Stadt,siggraph17,images/35.jpg,images/35_siggraph17.jpg,0,0,4.246662,35
Alltag,siggraph17,images/47.jpg,images/47_siggraph17.jpg,0,0,2.939331,47
Stadt,siggraph17,images/25.jpg,images/25_siggraph17.jpg,0,0,19.683103,25
Stadt,siggraph17,images/27.jpg,images/27_siggraph17.jpg,1,1,3.825504,27
Alltag,siggraph17,images/44.jpg,images/44_siggraph17.jpg,1,1,4.400491,44
Alltag,eccv16,images/56.jpg,images/56_eccv16.jpg,0,0,5.744255,56
Natur,eccv16,images/13.jpg,images/13_eccv16.jpg,0,1,4.164436,13
Stadt,siggraph17,images/36.jpg,images/36_siggraph17.jpg,1,1,3.011252,36
Alltag,eccv16,images/41.jpg,images/41_eccv16.jpg,1,1,2.496929,41
Natur,siggraph17,images/20.jpg,images/20_siggraph17.jpg,1,1,3.151182,20
Natur,eccv16,images/5.jpg,images/5_eccv16.jpg,1,1,7.376667,5
Natur,siggraph17,images/10.jpg,images/10_siggraph17.jpg,0,0,3.219435,10
Natur,siggraph17,images/16.jpg,images/16_siggraph17.jpg,0,0,4.203725,16
Natur,siggraph17,images/11.jpg,images/11_siggraph17.jpg,1,1,3.391666,11
Alltag,eccv16,images/49.jpg,images/49_eccv16.jpg,0,0,4.015261,49
Alltag,eccv16,images/52.jpg,images/52_eccv16.jpg,1,1,2.366691,52
Alltag,eccv16,images/45.jpg,images/45_eccv16.jpg,1,1,2.305497,45
Alltag,siggraph17,images/51.jpg,images/51_siggraph17.jpg,0,0,3.024848,51
Alltag,eccv16,images/60.jpg,images/60_eccv16.jpg,0,0,4.879555,60
Alltag,eccv16,images/58.jpg,images/58_eccv16.jpg,1,1,2.976606,58
Alltag,siggraph17,images/46.jpg,images/46_siggraph17.jpg,0,0,2.301738,46
Natur,siggraph17,images/7.jpg,images/7_siggraph17.jpg,1,1,2.542901,7
Natur,eccv16,images/4.jpg,images/4_eccv16.jpg,1,0,3.065526,4
Alltag,siggraph17,images/43.jpg,images/43_siggraph17.jpg,1,1,2.349665,43
Stadt,eccv16,images/39.jpg,images/39_eccv16.jpg,1,1,6.903341,39
Natur,siggraph17,images/19.jpg,images/19_siggraph17.jpg,1,1,3.667373,19
Natur,eccv16,images/9.jpg,images/9_eccv16.jpg,1,1,3.750805,9
Natur,siggraph17,images/12.jpg,images/12_siggraph17.jpg,0,0,2.250199,12
Stadt,eccv16,images/29.jpg,images/29_eccv16.jpg,0,0,2.202887,29
Natur,siggraph17,images/14.jpg,images/14_siggraph17.jpg,1,1,2.805267,14
Alltag,siggraph17,images/54.jpg,images/54_siggraph17.jpg,1,1,2.980239,54
Stadt,eccv16,images/38.jpg,images/38_eccv16.jpg,1,1,3.195524,38
Natur,eccv16,images/8.jpg,images/8_eccv16.jpg,0,0,4.006704,8
Natur,siggraph17,images/6.jpg,images/6_siggraph17.jpg,0,0,3.920019,6
Alltag,siggraph17,images/53.jpg,images/53_siggraph17.jpg,0,0,3.401452,53
Stadt,siggraph17,images/26.jpg,images/26_siggraph17.jpg,0,0,3.643296,26
Natur,eccv16,images/3.jpg,images/3_eccv16.jpg,1,1,5.857726,3
Stadt,siggraph17,images/23.jpg,images/23_siggraph17.jpg,1,1,3.943809,23
Stadt,eccv16,images/31.jpg,images/31_eccv16.jpg,1,1,4.802623,31
Natur,eccv16,images/17.jpg,images/17_eccv16.jpg,0,0,4.316212,17
Natur,siggraph17,images/15.jpg,images/15_siggraph17.jpg,0,0,2.74765,15
Natur,eccv16,images/18.jpg,images/18_eccv16.jpg,0,0,4.463187,18
Alltag,eccv16,images/48.jpg,images/48_eccv16.jpg,1,1,3.829807,48
Stadt,eccv16,images/37.jpg,images/37_eccv16.jpg,1,1,3.182075,37
Alltag,siggraph17,images/50.jpg,images/50_siggraph17.jpg,0,0,1.955473,50
Stadt,eccv16,images/33.jpg,images/33_eccv16.jpg,0,1,5.604304,33
Alltag,siggraph17,images/59.jpg,images/59_siggraph17.jpg,0,0,3.00847,59
Stadt,siggraph17,images/34.jpg,images/34_siggraph17.jpg,1,1,4.196063,34
Stadt,eccv16,images/28.jpg,images/28_eccv16.jpg,0,0,5.007401,28
Alltag,siggraph17,images/45.jpg,images/45_siggraph17.jpg,0,1,22.636334,45
Alltag,eccv16,images/56.jpg,images/56_eccv16.jpg,1,0,6.146038,56
Natur,siggraph17,images/10.jpg,images/10_siggraph17.jpg,0,1,10.859454,10
Alltag,eccv16,images/46.jpg,images/46_eccv16.jpg,0,1,5.46298,46
Natur,eccv16,images/18.jpg,images/18_eccv16.jpg,1,0,13.631678,18
Natur,siggraph17,images/4.jpg,images/4_siggraph17.jpg,0,0,3.777679,4
Stadt,eccv16,images/31.jpg,images/31_eccv16.jpg,1,0,3.686395,31
Alltag,siggraph17,images/50.jpg,images/50_siggraph17.jpg,0,1,6.932346,50
Stadt,siggraph17,images/36.jpg,images/36_siggraph17.jpg,0,1,3.431269,36
Natur,siggraph17,images/2.jpg,images/2_siggraph17.jpg,1,0,7.948703,2
Stadt,eccv16,images/27.jpg,images/27_eccv16.jpg,1,0,4.424179,27
Stadt,siggraph17,images/21.jpg,images/21_siggraph17.jpg,1,0,7.389117,21
Stadt,eccv16,images/25.jpg,images/25_eccv16.jpg,1,0,2.670015,25
Stadt,eccv16,images/24.jpg,images/24_eccv16.jpg,1,0,2.010356,24
Stadt,eccv16,images/33.jpg,images/33_eccv16.jpg,0,0,5.54546,33
Stadt,siggraph17,images/26.jpg,images/26_siggraph17.jpg,0,1,2.22159,26
Stadt,eccv16,images/28.jpg,images/28_eccv16.jpg,1,0,2.77929,28
Natur,eccv16,images/12.jpg,images/12_eccv16.jpg,1,0,1.880247,12
Alltag,siggraph17,images/49.jpg,images/49_siggraph17.jpg,1,0,7.099724,49
Stadt,siggraph17,images/37.jpg,images/37_siggraph17.jpg,1,0,2.411571,37
Natur,eccv16,images/5.jpg,images/5_eccv16.jpg,0,0,1.222704,5
Natur,siggraph17,images/3.jpg,images/3_siggraph17.jpg,0,0,1.42788,3
Alltag,eccv16,images/55.jpg,images/55_eccv16.jpg,1,0,1.744377,55
Alltag,siggraph17,images/59.jpg,images/59_siggraph17.jpg,0,1,1.590945,59
Stadt,siggraph17,images/38.jpg,images/38_siggraph17.jpg,0,1,1.545494,38
Alltag,eccv16,images/57.jpg,images/57_eccv16.jpg,0,1,1.567709,57
Stadt,eccv16,images/39.jpg,images/39_eccv16.jpg,1,1,4.329025,39
Stadt,siggraph17,images/29.jpg,images/29_siggraph17.jpg,0,1,5.576768,29
Natur,eccv16,images/1.jpg,images/1_eccv16.jpg,0,1,1.704772,1
Alltag,eccv16,images/58.jpg,images/58_eccv16.jpg,1,1,1.586854,58
Alltag,eccv16,images/41.jpg,images/41_eccv16.jpg,0,1,6.616567,41
Natur,siggraph17,images/8.jpg,images/8_siggraph17.jpg,1,0,1.561347,8
Alltag,siggraph17,images/47.jpg,images/47_siggraph17.jpg,1,0,2.449233,47
Alltag,siggraph17,images/43.jpg,images/43_siggraph17.jpg,1,0,5.852464,43
Stadt,siggraph17,images/30.jpg,images/30_siggraph17.jpg,0,1,1.51229,30
Alltag,siggraph17,images/54.jpg,images/54_siggraph17.jpg,0,1,1.585063,54
Natur,eccv16,images/20.jpg,images/20_eccv16.jpg,1,0,2.851016,20
Alltag,siggraph17,images/51.jpg,images/51_siggraph17.jpg,1,1,1.70024,51
Stadt,eccv16,images/22.jpg,images/22_eccv16.jpg,1,0,1.551978,22
Natur,siggraph17,images/14.jpg,images/14_siggraph17.jpg,0,1,2.259162,14
Natur,eccv16,images/13.jpg,images/13_eccv16.jpg,1,1,1.097882,13
Alltag,siggraph17,images/60.jpg,images/60_siggraph17.jpg,0,1,1.642576,60
Alltag,eccv16,images/53.jpg,images/53_eccv16.jpg,0,1,2.555583,53
Alltag,siggraph17,images/44.jpg,images/44_siggraph17.jpg,1,0,1.520299,44
Stadt,siggraph17,images/23.jpg,images/23_siggraph17.jpg,1,0,1.222919,23
Alltag,eccv16,images/42.jpg,images/42_eccv16.jpg,1,0,2.361929,42
Stadt,siggraph17,images/35.jpg,images/35_siggraph17.jpg,0,0,5.290241,35
Natur,siggraph17,images/6.jpg,images/6_siggraph17.jpg,0,1,2.95185,6
Natur,siggraph17,images/11.jpg,images/11_siggraph17.jpg,0,1,1.465627,11
Stadt,eccv16,images/34.jpg,images/34_eccv16.jpg,1,1,1.499012,34
Stadt,eccv16,images/32.jpg,images/32_eccv16.jpg,0,1,1.764755,32
Natur,eccv16,images/16.jpg,images/16_eccv16.jpg,0,1,4.82862,16
Stadt,siggraph17,images/40.jpg,images/40_siggraph17.jpg,1,0,1.898636,40
Natur,eccv16,images/17.jpg,images/17_eccv16.jpg,1,0,5.640166,17
Alltag,eccv16,images/48.jpg,images/48_eccv16.jpg,1,0,3.231892,48
Natur,siggraph17,images/15.jpg,images/15_siggraph17.jpg,1,0,1.280927,15
Alltag,eccv16,images/52.jpg,images/52_eccv16.jpg,0,1,2.516096,52
Natur,eccv16,images/19.jpg,images/19_eccv16.jpg,1,0,1.522516,19
Natur,eccv16,images/7.jpg,images/7_eccv16.jpg,0,1,1.503991,7
Natur,siggraph17,images/9.jpg,images/9_siggraph17.jpg,1,1,2.761675,9
Stadt,siggraph17,images/32.jpg,images/32_siggraph17.jpg,0,0,3.468545,32
Stadt,siggraph17,images/37.jpg,images/37_siggraph17.jpg,0,1,1.739534,37
Natur,siggraph17,images/11.jpg,images/11_siggraph17.jpg,1,1,1.532686,11
Natur,eccv16,images/7.jpg,images/7_eccv16.jpg,1,1,8.861129,7
Alltag,eccv16,images/45.jpg,images/45_eccv16.jpg,0,0,2.000798,45
Alltag,siggraph17,images/58.jpg,images/58_siggraph17.jpg,1,1,1.112901,58
Alltag,siggraph17,images/53.jpg,images/53_siggraph17.jpg,0,0,1.341289,53
Stadt,siggraph17,images/22.jpg,images/22_siggraph17.jpg,0,0,1.972451,22
Alltag,eccv16,images/59.jpg,images/59_eccv16.jpg,0,0,2.029486,59
Alltag,siggraph17,images/42.jpg,images/42_siggraph17.jpg,1,1,2.802189,42
Natur,eccv16,images/4.jpg,images/4_eccv16.jpg,0,0,3.968135,4
Alltag,eccv16,images/60.jpg,images/60_eccv16.jpg,0,0,1.774678,60
Alltag,siggraph17,images/47.jpg,images/47_siggraph17.jpg,1,1,4.313032,47
Stadt,eccv16,images/30.jpg,images/30_eccv16.jpg,1,0,1.674828,30
Natur,siggraph17,images/8.jpg,images/8_siggraph17.jpg,1,1,2.525047,8
Alltag,eccv16,images/54.jpg,images/54_eccv16.jpg,0,0,5.524312,54
Stadt,eccv16,images/34.jpg,images/34_eccv16.jpg,0,1,1.6951,34
Natur,siggraph17,images/18.jpg,images/18_siggraph17.jpg,1,1,8.175679,18
Stadt,eccv16,images/39.jpg,images/39_eccv16.jpg,0,0,3.776339,39
Stadt,eccv16,images/25.jpg,images/25_eccv16.jpg,0,1,2.483892,25
Stadt,siggraph17,images/28.jpg,images/28_siggraph17.jpg,0,0,1.015987,28
Alltag,eccv16,images/41.jpg,images/41_eccv16.jpg,0,0,2.332528,41
Stadt,eccv16,images/21.jpg,images/21_eccv16.jpg,1,1,4.48322,21
Stadt,siggraph17,images/26.jpg,images/26_siggraph17.jpg,1,1,1.303274,26
Natur,eccv16,images/19.jpg,images/19_eccv16.jpg,1,1,2.144936,19
Stadt,eccv16,images/31.jpg,images/31_eccv16.jpg,1,1,2.776114,31
Stadt,siggraph17,images/40.jpg,images/40_siggraph17.jpg,1,0,1.51573,40
Natur,eccv16,images/17.jpg,images/17_eccv16.jpg,1,1,6.089496,17
Stadt,eccv16,images/36.jpg,images/36_eccv16.jpg,0,0,1.119492,36
Natur,siggraph17,images/10.jpg,images/10_siggraph17.jpg,0,0,2.124883,10
Natur,siggraph17,images/3.jpg,images/3_siggraph17.jpg,1,1,1.293582,3
Alltag,eccv16,images/48.jpg,images/48_eccv16.jpg,0,0,1.410114,48
Alltag,siggraph17,images/57.jpg,images/57_siggraph17.jpg,0,0,1.100358,57
Alltag,siggraph17,images/43.jpg,images/43_siggraph17.jpg,0,0,1.309139,43
Natur,eccv16,images/9.jpg,images/9_eccv16.jpg,1,1,1.224399,9
Alltag,eccv16,images/52.jpg,images/52_eccv16.jpg,1,1,1.053574,52
Natur,eccv16,images/2.jpg,images/2_eccv16.jpg,0,0,2.951825,2
Natur,siggraph17,images/5.jpg,images/5_siggraph17.jpg,1,0,1.577568,5
Natur,eccv16,images/15.jpg,images/15_eccv16.jpg,0,0,1.927449,15
Natur,siggraph17,images/1.jpg,images/1_siggraph17.jpg,1,1,6.702341,1
Alltag,siggraph17,images/44.jpg,images/44_siggraph17.jpg,0,0,1.064242,44
Natur,eccv16,images/16.jpg,images/16_eccv16.jpg,1,1,2.265898,16
Stadt,siggraph17,images/38.jpg,images/38_siggraph17.jpg,1,1,2.413237,38
Stadt,siggraph17,images/24.jpg,images/24_siggraph17.jpg,0,0,2.103812,24
Natur,siggraph17,images/6.jpg,images/6_siggraph17.jpg,0,0,2.234855,6
Natur,eccv16,images/20.jpg,images/20_eccv16.jpg,0,0,0.962201,20
Alltag,eccv16,images/50.jpg,images/50_eccv16.jpg,1,1,0.933659,50
Alltag,siggraph17,images/55.jpg,images/55_siggraph17.jpg,0,0,1.949559,55
Alltag,siggraph17,images/51.jpg,images/51_siggraph17.jpg,0,0,1.258239,51
Stadt,siggraph17,images/23.jpg,images/23_siggraph17.jpg,1,1,2.612789,23
Alltag,siggraph17,images/56.jpg,images/56_siggraph17.jpg,0,0,0.992686,56
Stadt,siggraph17,images/29.jpg,images/29_siggraph17.jpg,1,1,4.088288,29
Natur,siggraph17,images/12.jpg,images/12_siggraph17.jpg,1,1,1.037708,12
Stadt,eccv16,images/27.jpg,images/27_eccv16.jpg,0,0,0.930401,27
Stadt,eccv16,images/35.jpg,images/35_eccv16.jpg,1,1,1.794811,35
Alltag,eccv16,images/49.jpg,images/49_eccv16.jpg,1,1,1.410813,49
Stadt,eccv16,images/33.jpg,images/33_eccv16.jpg,0,0,4.106202,33
Natur,eccv16,images/14.jpg,images/14_eccv16.jpg,0,0,1.645151,14
Alltag,eccv16,images/46.jpg,images/46_eccv16.jpg,1,1,2.609952,46
Natur,siggraph17,images/13.jpg,images/13_siggraph17.jpg,1,1,2.380532,13
Stadt,eccv16,images/38.jpg,images/38_eccv16.jpg,0,0,9.907911,38
Stadt,siggraph17,images/23.jpg,images/23_siggraph17.jpg,0,0,6.594426,23
Alltag,eccv16,images/54.jpg,images/54_eccv16.jpg,0,0,3.065021,54
Alltag,siggraph17,images/47.jpg,images/47_siggraph17.jpg,0,0,4.209493,47
Natur,eccv16,images/11.jpg,images/11_eccv16.jpg,0,0,2.896633,11
Stadt,eccv16,images/31.jpg,images/31_eccv16.jpg,1,1,3.810192,31
Natur,eccv16,images/16.jpg,images/16_eccv16.jpg,1,1,3.560638,16
Alltag,siggraph17,images/48.jpg,images/48_siggraph17.jpg,0,0,2.292041,48
Natur,siggraph17,images/6.jpg,images/6_siggraph17.jpg,1,1,3.213318,6
Alltag,siggraph17,images/45.jpg,images/45_siggraph17.jpg,0,0,2.182406,45
Natur,siggraph17,images/2.jpg,images/2_siggraph17.jpg,1,1,11.009364,2
Natur,eccv16,images/3.jpg,images/3_eccv16.jpg,1,1,4.003526,3
Natur,eccv16,images/17.jpg,images/17_eccv16.jpg,1,1,9.749623,17
Natur,siggraph17,images/12.jpg,images/12_siggraph17.jpg,0,0,4.717812,12
Stadt,eccv16,images/40.jpg,images/40_eccv16.jpg,1,1,3.221715,40
Alltag,eccv16,images/60.jpg,images/60_eccv16.jpg,1,1,2.077023,60
Alltag,siggraph17,images/44.jpg,images/44_siggraph17.jpg,0,0,4.807452,44
Stadt,siggraph17,images/21.jpg,images/21_siggraph17.jpg,0,0,6.619715,21
Natur,eccv16,images/20.jpg,images/20_eccv16.jpg,0,0,3.374577,20
Stadt,siggraph17,images/30.jpg,images/30_siggraph17.jpg,0,0,1.86404,30
Natur,siggraph17,images/9.jpg,images/9_siggraph17.jpg,0,0,29.403621,9
Alltag,siggraph17,images/50.jpg,images/50_siggraph17.jpg,0,0,2.951757,50
Alltag,eccv16,images/58.jpg,images/58_eccv16.jpg,0,0,2.193711,58
Alltag,siggraph17,images/55.jpg,images/55_siggraph17.jpg,1,1,2.868597,55
Stadt,eccv16,images/36.jpg,images/36_eccv16.jpg,1,1,3.253282,36
Stadt,siggraph17,images/35.jpg,images/35_siggraph17.jpg,0,0,7.38797,35
Natur,eccv16,images/13.jpg,images/13_eccv16.jpg,0,0,16.785461,13
Alltag,siggraph17,images/53.jpg,images/53_siggraph17.jpg,0,0,2.181791,53
Alltag,eccv16,images/56.jpg,images/56_eccv16.jpg,0,0,23.256252,56
Stadt,siggraph17,images/33.jpg,images/33_siggraph17.jpg,1,1,3.860386,33
Natur,siggraph17,images/8.jpg,images/8_siggraph17.jpg,1,1,3.693219,8
Natur,siggraph17,images/15.jpg,images/15_siggraph17.jpg,0,0,1.863697,15
Alltag,eccv16,images/43.jpg,images/43_eccv16.jpg,0,0,3.785007,43
Natur,siggraph17,images/7.jpg,images/7_siggraph17.jpg,0,0,2.245708,7
Stadt,eccv16,images/32.jpg,images/32_eccv16.jpg,0,0,2.665627,32
Stadt,siggraph17,images/37.jpg,images/37_siggraph17.jpg,0,0,5.444562,37
Alltag,siggraph17,images/51.jpg,images/51_siggraph17.jpg,1,1,3.01913,51
Natur,eccv16,images/14.jpg,images/14_eccv16.jpg,0,0,1.884238,14
Natur,siggraph17,images/4.jpg,images/4_siggraph17.jpg,1,1,11.170785,4
Stadt,eccv16,images/22.jpg,images/22_eccv16.jpg,1,1,2.389128,22
Stadt,siggraph17,images/27.jpg,images/27_siggraph17.jpg,0,0,1.741996,27
Alltag,siggraph17,images/49.jpg,images/49_siggraph17.jpg,1,1,10.211113,49
Stadt,eccv16,images/28.jpg,images/28_eccv16.jpg,0,0,3.33188,28
Alltag,eccv16,images/41.jpg,images/41_eccv16.jpg,0,0,2.178636,41
Stadt,siggraph17,images/29.jpg,images/29_siggraph17.jpg,0,0,1.016502,29
Natur,eccv16,images/1.jpg,images/1_eccv16.jpg,0,0,1.511107,1
Alltag,siggraph17,images/46.jpg,images/46_siggraph17.jpg,0,0,1.579916,46
Natur,siggraph17,images/5.jpg,images/5_siggraph17.jpg,0,0,1.329202,5
Stadt,eccv16,images/34.jpg,images/34_eccv16.jpg,0,1,3.913483,34
Stadt,siggraph17,images/26.jpg,images/26_siggraph17.jpg,0,0,1.055141,26
Stadt,eccv16,images/39.jpg,images/39_eccv16.jpg,0,0,1.50139,39
Stadt,eccv16,images/25.jpg,images/25_eccv16.jpg,0,0,3.266727,25
Natur,eccv16,images/19.jpg,images/19_eccv16.jpg,1,1,8.204447,19
Alltag,eccv16,images/57.jpg,images/57_eccv16.jpg,1,1,4.861775,57
Natur,siggraph17,images/10.jpg,images/10_siggraph17.jpg,0,0,2.863622,10
Stadt,siggraph17,images/24.jpg,images/24_siggraph17.jpg,0,0,1.855193,24
Natur,eccv16,images/18.jpg,images/18_eccv16.jpg,0,0,1.833727,18
Alltag,eccv16,images/42.jpg,images/42_eccv16.jpg,1,1,1.330569,42
Alltag,eccv16,images/52.jpg,images/52_eccv16.jpg,0,0,1.486771,52
Alltag,eccv16,images/59.jpg,images/59_eccv16.jpg,1,1,1.219693,59
Alltag,eccv16,images/48.jpg,images/48_eccv16.jpg,1,1,8.914818,48
Natur,siggraph17,images/14.jpg,images/14_siggraph17.jpg,0,0,14.604345,14
Natur,eccv16,images/12.jpg,images/12_eccv16.jpg,1,1,1.875455,12
Natur,siggraph17,images/15.jpg,images/15_siggraph17.jpg,0,0,4.036657,15
Stadt,eccv16,images/35.jpg,images/35_eccv16.jpg,1,1,2.554676,35
Alltag,eccv16,images/52.jpg,images/52_eccv16.jpg,0,0,1.84099,52
Natur,siggraph17,images/16.jpg,images/16_siggraph17.jpg,1,1,2.017806,16
Stadt,eccv16,images/37.jpg,images/37_eccv16.jpg,0,0,2.787703,37
Alltag,siggraph17,images/53.jpg,images/53_siggraph17.jpg,1,1,2.597453,53
Natur,eccv16,images/1.jpg,images/1_eccv16.jpg,1,0,3.662564,1
Natur,eccv16,images/8.jpg,images/8_eccv16.jpg,1,1,2.001558,8
Alltag,siggraph17,images/54.jpg,images/54_siggraph17.jpg,1,1,2.215022,54
Alltag,eccv16,images/49.jpg,images/49_eccv16.jpg,0,0,1.584537,49
Natur,eccv16,images/18.jpg,images/18_eccv16.jpg,0,1,3.486556,18
Alltag,siggraph17,images/55.jpg,images/55_siggraph17.jpg,1,1,1.900593,55
Natur,siggraph17,images/2.jpg,images/2_siggraph17.jpg,0,0,1.732298,2
Stadt,eccv16,images/39.jpg,images/39_eccv16.jpg,0,0,1.498551,39
Stadt,siggraph17,images/33.jpg,images/33_siggraph17.jpg,0,1,2.840066,33
Alltag,eccv16,images/47.jpg,images/47_eccv16.jpg,0,0,1.888866,47
Natur,siggraph17,images/4.jpg,images/4_siggraph17.jpg,0,0,1.841326,4
Natur,eccv16,images/6.jpg,images/6_eccv16.jpg,0,1,3.661213,6
Alltag,siggraph17,images/41.jpg,images/41_siggraph17.jpg,0,1,8.491831,41
Stadt,siggraph17,images/22.jpg,images/22_siggraph17.jpg,1,1,2.215505,22
Natur,eccv16,images/11.jpg,images/11_eccv16.jpg,0,0,1.321426,11
Stadt,siggraph17,images/38.jpg,images/38_siggraph17.jpg,1,1,1.347913,38
Natur,siggraph17,images/13.jpg,images/13_siggraph17.jpg,0,0,2.505692,13
Alltag,eccv16,images/57.jpg,images/57_eccv16.jpg,0,0,1.014649,57
Alltag,siggraph17,images/42.jpg,images/42_siggraph17.jpg,0,0,5.291096,42
Stadt,siggraph17,images/26.jpg,images/26_siggraph17.jpg,1,1,5.325389,26
Alltag,eccv16,images/59.jpg,images/59_eccv16.jpg,1,1,1.729552,59
Alltag,siggraph17,images/43.jpg,images/43_siggraph17.jpg,0,0,1.718576,43
Stadt,eccv16,images/21.jpg,images/21_eccv16.jpg,1,1,5.380544,21
Alltag,eccv16,images/60.jpg,images/60_eccv16.jpg,0,0,5.688734,60
Natur,siggraph17,images/3.jpg,images/3_siggraph17.jpg,0,0,11.022642,3
Stadt,siggraph17,images/31.jpg,images/31_siggraph17.jpg,0,0,1.172642,31
Stadt,eccv16,images/23.jpg,images/23_eccv16.jpg,1,1,1.509257,23
Stadt,eccv16,images/34.jpg,images/34_eccv16.jpg,0,1,1.775596,34
Stadt,siggraph17,images/36.jpg,images/36_siggraph17.jpg,1,1,5.552794,36
Natur,eccv16,images/19.jpg,images/19_eccv16.jpg,1,1,1.474852,19
Stadt,siggraph17,images/40.jpg,images/40_siggraph17.jpg,0,0,1.069516,40
Alltag,siggraph17,images/56.jpg,images/56_siggraph17.jpg,0,0,1.976983,56
Natur,eccv16,images/7.jpg,images/7_eccv16.jpg,1,1,1.12633,7
Natur,eccv16,images/10.jpg,images/10_eccv16.jpg,0,0,1.074929,10
Stadt,siggraph17,images/27.jpg,images/27_siggraph17.jpg,0,0,0.992212,27
Natur,siggraph17,images/17.jpg,images/17_siggraph17.jpg,0,1,1.272837,17
Natur,eccv16,images/9.jpg,images/9_eccv16.jpg,0,0,1.159434,9
Stadt,eccv16,images/25.jpg,images/25_eccv16.jpg,0,0,2.363057,25
Natur,siggraph17,images/20.jpg,images/20_siggraph17.jpg,0,1,1.542479,20
Alltag,siggraph17,images/51.jpg,images/51_siggraph17.jpg,0,0,2.088974,51
Alltag,eccv16,images/46.jpg,images/46_eccv16.jpg,0,0,1.768161,46
Alltag,siggraph17,images/44.jpg,images/44_siggraph17.jpg,0,0,3.185739,44
Alltag,eccv16,images/50.jpg,images/50_eccv16.jpg,1,1,0.856245,50
Stadt,eccv16,images/30.jpg,images/30_eccv16.jpg,0,0,5.011955,30
Stadt,eccv16,images/24.jpg,images/24_eccv16.jpg,0,0,1.259945,24
Stadt,eccv16,images/32.jpg,images/32_eccv16.jpg,1,1,2.070537,32
Natur,siggraph17,images/5.jpg,images/5_siggraph17.jpg,1,0,6.555374,5
Stadt,siggraph17,images/28.jpg,images/28_siggraph17.jpg,0,0,3.241016,28
Alltag,siggraph17,images/58.jpg,images/58_siggraph17.jpg,1,1,1.204465,58
Alltag,eccv16,images/45.jpg,images/45_eccv16.jpg,1,1,3.004232,45
Stadt,siggraph17,images/29.jpg,images/29_siggraph17.jpg,1,0,2.894313,29
Stadt,eccv16,images/26.jpg,images/26_eccv16.jpg,1,1,19.528095,26
Natur,eccv16,images/14.jpg,images/14_eccv16.jpg,0,1,17.959036,14
Stadt,eccv16,images/29.jpg,images/29_eccv16.jpg,0,1,4.603081,29
Alltag,eccv16,images/48.jpg,images/48_eccv16.jpg,0,0,7.881239,48
Natur,eccv16,images/17.jpg,images/17_eccv16.jpg,0,1,4.482274,17
Alltag,siggraph17,images/42.jpg,images/42_siggraph17.jpg,0,0,5.850722,42
Stadt,siggraph17,images/28.jpg,images/28_siggraph17.jpg,1,1,6.039474,28
Stadt,eccv16,images/24.jpg,images/24_eccv16.jpg,1,1,7.867793,24
Alltag,eccv16,images/47.jpg,images/47_eccv16.jpg,0,0,7.721796,47
Stadt,siggraph17,images/33.jpg,images/33_siggraph17.jpg,0,0,6.277801,33
Natur,siggraph17,images/3.jpg,images/3_siggraph17.jpg,0,1,6.517502,3
Natur,siggraph17,images/9.jpg,images/9_siggraph17.jpg,1,0,10.639407,9
Alltag,eccv16,images/41.jpg,images/41_eccv16.jpg,0,0,5.438554,41
Alltag,siggraph17,images/44.jpg,images/44_siggraph17.jpg,1,1,4.074704,44
Natur,eccv16,images/12.jpg,images/12_eccv16.jpg,1,1,3.855893,12
Alltag,siggraph17,images/55.jpg,images/55_siggraph17.jpg,0,0,5.125589,55
Alltag,siggraph17,images/56.jpg,images/56_siggraph17.jpg,0,0,6.15075,56
Alltag,siggraph17,images/58.jpg,images/58_siggraph17.jpg,0,0,2.349866,58
Stadt,siggraph17,images/30.jpg,images/30_siggraph17.jpg,1,1,4.352406,30
Stadt,siggraph17,images/36.jpg,images/36_siggraph17.jpg,1,1,10.584313,36
Alltag,eccv16,images/51.jpg,images/51_eccv16.jpg,0,0,3.294385,51
Alltag,eccv16,images/43.jpg,images/43_eccv16.jpg,1,1,2.599732,43
Stadt,siggraph17,images/25.jpg,images/25_siggraph17.jpg,1,0,10.034695,25
Stadt,eccv16,images/32.jpg,images/32_eccv16.jpg,1,1,5.214012,32
Natur,siggraph17,images/4.jpg,images/4_siggraph17.jpg,1,1,4.73919,4
Natur,eccv16,images/20.jpg,images/20_eccv16.jpg,1,1,3.732038,20
Alltag,siggraph17,images/50.jpg,images/50_siggraph17.jpg,0,0,2.608871,50
Stadt,eccv16,images/27.jpg,images/27_eccv16.jpg,1,1,3.859196,27
Stadt,siggraph17,images/34.jpg,images/34_siggraph17.jpg,1,0,3.565588,34
Alltag,eccv16,images/45.jpg,images/45_eccv16.jpg,1,1,5.701772,45
Stadt,siggraph17,images/35.jpg,images/35_siggraph17.jpg,0,0,6.813999,35
Alltag,siggraph17,images/59.jpg,images/59_siggraph17.jpg,1,1,4.34762,59
Stadt,eccv16,images/40.jpg,images/40_eccv16.jpg,0,0,12.272297,40
Alltag,eccv16,images/54.jpg,images/54_eccv16.jpg,1,1,2.715247,54
Alltag,siggraph17,images/53.jpg,images/53_siggraph17.jpg,0,0,2.439292,53
Stadt,siggraph17,images/38.jpg,images/38_siggraph17.jpg,0,0,3.42598,38
Natur,eccv16,images/6.jpg,images/6_eccv16.jpg,1,1,3.417354,6
Alltag,eccv16,images/52.jpg,images/52_eccv16.jpg,1,1,2.679029,52
Natur,siggraph17,images/11.jpg,images/11_siggraph17.jpg,1,0,11.303639,11
Stadt,eccv16,images/31.jpg,images/31_eccv16.jpg,0,0,7.580607,31
Stadt,siggraph17,images/39.jpg,images/39_siggraph17.jpg,0,0,6.690073,39
Alltag,siggraph17,images/46.jpg,images/46_siggraph17.jpg,0,0,2.133648,46
Natur,siggraph17,images/8.jpg,images/8_siggraph17.jpg,1,1,4.412085,8
Natur,siggraph17,images/16.jpg,images/16_siggraph17.jpg,0,0,8.051496,16
Natur,siggraph17,images/18.jpg,images/18_siggraph17.jpg,1,0,8.378808,18
Natur,eccv16,images/1.jpg,images/1_eccv16.jpg,1,1,12.109598,1
Stadt,eccv16,images/21.jpg,images/21_eccv16.jpg,0,1,4.648925,21
Natur,siggraph17,images/10.jpg,images/10_siggraph17.jpg,1,1,7.367833,10
Stadt,siggraph17,images/22.jpg,images/22_siggraph17.jpg,0,0,6.9986,22
Natur,eccv16,images/7.jpg,images/7_eccv16.jpg,0,0,4.075213,7
Natur,eccv16,images/2.jpg,images/2_eccv16.jpg,0,0,2.876718,2
Natur,siggraph17,images/19.jpg,images/19_siggraph17.jpg,0,0,2.237937,19
Alltag,siggraph17,images/57.jpg,images/57_siggraph17.jpg,1,1,1.621586,57
Natur,siggraph17,images/13.jpg,images/13_siggraph17.jpg,0,0,9.095189,13
Alltag,eccv16,images/60.jpg,images/60_eccv16.jpg,0,0,3.750529,60
Alltag,eccv16,images/49.jpg,images/49_eccv16.jpg,1,1,4.496026,49
Stadt,eccv16,images/23.jpg,images/23_eccv16.jpg,0,0,2.197923,23
Stadt,eccv16,images/37.jpg,images/37_eccv16.jpg,0,0,1.78717,37
Natur,eccv16,images/15.jpg,images/15_eccv16.jpg,0,0,1.835198,15
Natur,eccv16,images/5.jpg,images/5_eccv16.jpg,1,1,6.962112,5
Stadt,siggraph17,images/30.jpg,images/30_siggraph17.jpg,0,0,17.702619,30
Natur,eccv16,images/7.jpg,images/7_eccv16.jpg,1,1,4.524014,7
Alltag,eccv16,images/41.jpg,images/41_eccv16.jpg,1,1,4.436435,41
Stadt,eccv16,images/26.jpg,images/26_eccv16.jpg,0,0,8.629258,26
Natur,siggraph17,images/17.jpg,images/17_siggraph17.jpg,0,1,11.410704,17
Natur,eccv16,images/2.jpg,images/2_eccv16.jpg,0,0,4.992596,2
Stadt,eccv16,images/37.jpg,images/37_eccv16.jpg,1,1,6.765786,37
Natur,eccv16,images/9.jpg,images/9_eccv16.jpg,0,1,8.55621,9
Natur,siggraph17,images/8.jpg,images/8_siggraph17.jpg,1,0,7.643481,8
Stadt,siggraph17,images/25.jpg,images/25_siggraph17.jpg,0,1,1.780849,25
Natur,siggraph17,images/5.jpg,images/5_siggraph17.jpg,1,0,15.776195,5
Alltag,eccv16,images/56.jpg,images/56_eccv16.jpg,0,0,12.545675,56
Alltag,siggraph17,images/53.jpg,images/53_siggraph17.jpg,1,1,2.806341,53
Stadt,siggraph17,images/35.jpg,images/35_siggraph17.jpg,0,1,5.628796,35
Natur,eccv16,images/4.jpg,images/4_eccv16.jpg,1,1,1.988059,4
Stadt,siggraph17,images/31.jpg,images/31_siggraph17.jpg,1,1,6.620503,31
Alltag,siggraph17,images/47.jpg,images/47_siggraph17.jpg,0,0,3.780419,47
Natur,siggraph17,images/15.jpg,images/15_siggraph17.jpg,1,1,5.816437,15
Natur,eccv16,images/14.jpg,images/14_eccv16.jpg,0,0,3.655024,14
Natur,eccv16,images/6.jpg,images/6_eccv16.jpg,0,0,9.379842,6
Alltag,siggraph17,images/46.jpg,images/46_siggraph17.jpg,1,1,5.087196,46
Stadt,siggraph17,images/22.jpg,images/22_siggraph17.jpg,1,1,3.928535,22
Alltag,eccv16,images/57.jpg,images/57_eccv16.jpg,0,0,1.406607,57
Alltag,eccv16,images/58.jpg,images/58_eccv16.jpg,1,1,1.365274,58
Stadt,eccv16,images/40.jpg,images/40_eccv16.jpg,1,1,10.7955,40
Natur,siggraph17,images/19.jpg,images/19_siggraph17.jpg,0,1,10.736649,19
Stadt,siggraph17,images/21.jpg,images/21_siggraph17.jpg,0,1,2.037924,21
Alltag,eccv16,images/44.jpg,images/44_eccv16.jpg,1,1,5.180881,44
Natur,siggraph17,images/16.jpg,images/16_siggraph17.jpg,1,1,2.887083,16
Natur,siggraph17,images/18.jpg,images/18_siggraph17.jpg,0,0,5.353913,18
Natur,siggraph17,images/13.jpg,images/13_siggraph17.jpg,1,1,7.223405,13
Stadt,siggraph17,images/39.jpg,images/39_siggraph17.jpg,0,0,7.69729,39
Stadt,siggraph17,images/33.jpg,images/33_siggraph17.jpg,1,0,2.254859,33
Alltag,siggraph17,images/54.jpg,images/54_siggraph17.jpg,0,0,1.771142,54
Stadt,eccv16,images/36.jpg,images/36_eccv16.jpg,0,0,5.09546,36
Stadt,eccv16,images/28.jpg,images/28_eccv16.jpg,1,1,2.592107,28
Stadt,eccv16,images/24.jpg,images/24_eccv16.jpg,1,1,5.040712,24
Alltag,siggraph17,images/55.jpg,images/55_siggraph17.jpg,1,1,3.351579,55
Stadt,eccv16,images/23.jpg,images/23_eccv16.jpg,1,1,2.961145,23
Natur,siggraph17,images/1.jpg,images/1_siggraph17.jpg,0,1,1.96224,1
Stadt,eccv16,images/27.jpg,images/27_eccv16.jpg,0,0,1.26249,27
Alltag,eccv16,images/43.jpg,images/43_eccv16.jpg,0,0,1.168768,43
Stadt,eccv16,images/38.jpg,images/38_eccv16.jpg,0,0,1.552676,38
Alltag,eccv16,images/60.jpg,images/60_eccv16.jpg,0,0,1.524465,60
Stadt,siggraph17,images/34.jpg,images/34_siggraph17.jpg,0,0,3.937184,34
Alltag,siggraph17,images/52.jpg,images/52_siggraph17.jpg,1,1,1.878979,52
Stadt,eccv16,images/32.jpg,images/32_eccv16.jpg,1,1,2.545662,32
Alltag,eccv16,images/45.jpg,images/45_eccv16.jpg,1,1,1.364965,45
Natur,eccv16,images/10.jpg,images/10_eccv16.jpg,0,0,1.312716,10
Stadt,siggraph17,images/29.jpg,images/29_siggraph17.jpg,0,1,60.803453,29
Alltag,eccv16,images/48.jpg,images/48_eccv16.jpg,0,0,3.942725,48
Alltag,eccv16,images/51.jpg,images/51_eccv16.jpg,1,1,1.933523,51
Natur,eccv16,images/11.jpg,images/11_eccv16.jpg,0,0,2.293887,11
Natur,siggraph17,images/20.jpg,images/20_siggraph17.jpg,0,0,1.420389,20
Alltag,siggraph17,images/50.jpg,images/50_siggraph17.jpg,0,0,4.353659,50
Alltag,siggraph17,images/42.jpg,images/42_siggraph17.jpg,0,0,1.563215,42
Natur,eccv16,images/3.jpg,images/3_eccv16.jpg,1,0,1.857854,3
Natur,eccv16,images/12.jpg,images/12_eccv16.jpg,0,0,1.775588,12
Alltag,siggraph17,images/49.jpg,images/49_siggraph17.jpg,1,1,2.541031,49
Alltag,siggraph17,images/59.jpg,images/59_siggraph17.jpg,0,0,3.481527,59
Stadt,siggraph17,images/35.jpg,images/35_siggraph17.jpg,1,1,24.593128,35
Natur,siggraph17,images/14.jpg,images/14_siggraph17.jpg,0,0,9.689119,14
Stadt,siggraph17,images/31.jpg,images/31_siggraph17.jpg,1,1,5.481561,31
Stadt,eccv16,images/34.jpg,images/34_eccv16.jpg,1,1,7.015756,34
Stadt,siggraph17,images/33.jpg,images/33_siggraph17.jpg,0,1,17.84276,33
Natur,siggraph17,images/10.jpg,images/10_siggraph17.jpg,0,0,12.380524,10
Natur,siggraph17,images/5.jpg,images/5_siggraph17.jpg,0,0,14.716354,5
Stadt,siggraph17,images/21.jpg,images/21_siggraph17.jpg,0,0,8.99982,21
Alltag,siggraph17,images/45.jpg,images/45_siggraph17.jpg,1,1,2.897593,45
Alltag,eccv16,images/60.jpg,images/60_eccv16.jpg,1,1,3.548962,60
Alltag,siggraph17,images/49.jpg,images/49_siggraph17.jpg,0,0,3.515747,49
Stadt,eccv16,images/23.jpg,images/23_eccv16.jpg,0,0,10.58946,23
Stadt,siggraph17,images/29.jpg,images/29_siggraph17.jpg,1,1,4.668014,29
Alltag,eccv16,images/58.jpg,images/58_eccv16.jpg,0,0,5.7271,58
Stadt,eccv16,images/39.jpg,images/39_eccv16.jpg,1,1,4.460296,39
Stadt,eccv16,images/26.jpg,images/26_eccv16.jpg,1,1,3.346429,26
Natur,siggraph17,images/17.jpg,images/17_siggraph17.jpg,0,1,3.962792,17
Natur,eccv16,images/18.jpg,images/18_eccv16.jpg,1,1,4.934307,18
Stadt,eccv16,images/24.jpg,images/24_eccv16.jpg,0,0,4.319603,24
Natur,siggraph17,images/8.jpg,images/8_siggraph17.jpg,0,1,40.990671,8
Natur,siggraph17,images/15.jpg,images/15_siggraph17.jpg,1,1,3.707157,15
Alltag,siggraph17,images/42.jpg,images/42_siggraph17.jpg,1,1,3.996722,42
Alltag,eccv16,images/56.jpg,images/56_eccv16.jpg,1,1,2.758006,56
Natur,eccv16,images/1.jpg,images/1_eccv16.jpg,1,1,4.974545,1
Stadt,siggraph17,images/37.jpg,images/37_siggraph17.jpg,1,1,5.162222,37
Natur,eccv16,images/2.jpg,images/2_eccv16.jpg,0,0,2.859952,2
Natur,siggraph17,images/13.jpg,images/13_siggraph17.jpg,1,1,12.530272,13
Alltag,siggraph17,images/41.jpg,images/41_siggraph17.jpg,1,1,2.166505,41
Alltag,siggraph17,images/53.jpg,images/53_siggraph17.jpg,1,1,7.037724,53
Stadt,siggraph17,images/27.jpg,images/27_siggraph17.jpg,1,1,5.57765,27
Natur,eccv16,images/3.jpg,images/3_eccv16.jpg,1,1,4.628418,3
Natur,eccv16,images/12.jpg,images/12_eccv16.jpg,1,1,6.484086,12
Stadt,eccv16,images/36.jpg,images/36_eccv16.jpg,1,1,8.846121,36
Natur,eccv16,images/20.jpg,images/20_eccv16.jpg,1,1,3.271025,20
Natur,eccv16,images/4.jpg,images/4_eccv16.jpg,1,1,4.400311,4
Natur,eccv16,images/9.jpg,images/9_eccv16.jpg,0,0,2.950325,9
Stadt,eccv16,images/40.jpg,images/40_eccv16.jpg,1,1,2.78379,40
Stadt,eccv16,images/30.jpg,images/30_eccv16.jpg,1,1,4.047522,30
Alltag,eccv16,images/44.jpg,images/44_eccv16.jpg,0,0,2.362816,44
Natur,siggraph17,images/7.jpg,images/7_siggraph17.jpg,0,0,3.39619,7
Alltag,siggraph17,images/55.jpg,images/55_siggraph17.jpg,0,0,2.828127,55
Stadt,siggraph17,images/28.jpg,images/28_siggraph17.jpg,1,1,2.69402,28
Alltag,eccv16,images/54.jpg,images/54_eccv16.jpg,0,0,4.609006,54
Alltag,siggraph17,images/43.jpg,images/43_siggraph17.jpg,0,0,2.025759,43
Alltag,eccv16,images/48.jpg,images/48_eccv16.jpg,0,0,2.750007,48
Natur,eccv16,images/16.jpg,images/16_eccv16.jpg,0,0,2.87394,16
Alltag,siggraph17,images/57.jpg,images/57_siggraph17.jpg,0,0,2.374208,57
Natur,eccv16,images/11.jpg,images/11_eccv16.jpg,0,0,2.407281,11
Alltag,eccv16,images/47.jpg,images/47_eccv16.jpg,0,0,2.503547,47
Natur,siggraph17,images/6.jpg,images/6_siggraph17.jpg,0,0,2.713422,6
Stadt,siggraph17,images/25.jpg,images/25_siggraph17.jpg,1,1,8.584482,25
Alltag,siggraph17,images/51.jpg,images/51_siggraph17.jpg,0,0,2.387589,51
Natur,siggraph17,images/19.jpg,images/19_siggraph17.jpg,1,1,12.144247,19
Alltag,eccv16,images/46.jpg,images/46_eccv16.jpg,1,1,7.973385,46
Alltag,eccv16,images/52.jpg,images/52_eccv16.jpg,0,0,2.884799,52
Stadt,eccv16,images/32.jpg,images/32_eccv16.jpg,1,1,4.110363,32
Stadt,eccv16,images/38.jpg,images/38_eccv16.jpg,1,1,2.873735,38
Stadt,siggraph17,images/22.jpg,images/22_siggraph17.jpg,0,0,2.527983,22
Alltag,eccv16,images/50.jpg,images/50_eccv16.jpg,0,0,1.916371,50
Alltag,siggraph17,images/59.jpg,images/59_siggraph17.jpg,0,0,7.3879,59
Natur,eccv16,images/10.jpg,images/10_eccv16.jpg,0,0,5.493375,10
Stadt,eccv16,images/35.jpg,images/35_eccv16.jpg,1,1,5.96051,35
Alltag,eccv16,images/48.jpg,images/48_eccv16.jpg,0,0,4.000585,48
Natur,siggraph17,images/1.jpg,images/1_siggraph17.jpg,0,0,9.916872,1
Natur,eccv16,images/3.jpg,images/3_eccv16.jpg,1,0,16.703467,3
Alltag,siggraph17,images/54.jpg,images/54_siggraph17.jpg,1,1,1.918437,54
Alltag,eccv16,images/52.jpg,images/52_eccv16.jpg,0,0,7.860673,52
Alltag,eccv16,images/46.jpg,images/46_eccv16.jpg,0,0,1.620829,46
Alltag,eccv16,images/44.jpg,images/44_eccv16.jpg,1,1,1.753317,44
Alltag,siggraph17,images/50.jpg,images/50_siggraph17.jpg,0,0,1.166801,50
Natur,siggraph17,images/11.jpg,images/11_siggraph17.jpg,1,1,7.382814,11
Natur,siggraph17,images/9.jpg,images/9_siggraph17.jpg,0,0,8.910979,9
Stadt,siggraph17,images/29.jpg,images/29_siggraph17.jpg,0,0,1.153361,29
Stadt,eccv16,images/40.jpg,images/40_eccv16.jpg,1,1,1.549442,40
Alltag,siggraph17,images/56.jpg,images/56_siggraph17.jpg,0,0,1.105774,56
Natur,eccv16,images/18.jpg,images/18_eccv16.jpg,0,0,27.149673,18
Stadt,siggraph17,images/24.jpg,images/24_siggraph17.jpg,1,1,22.007399,24
Natur,eccv16,images/19.jpg,images/19_eccv16.jpg,1,1,6.519622,19
Alltag,siggraph17,images/41.jpg,images/41_siggraph17.jpg,0,0,6.754665,41
Stadt,siggraph17,images/31.jpg,images/31_siggraph17.jpg,0,0,40.453059,31
Natur,siggraph17,images/13.jpg,images/13_siggraph17.jpg,0,0,6.817093,13
Alltag,siggraph17,images/53.jpg,images/53_siggraph17.jpg,1,1,8.13528,53
Stadt,eccv16,images/34.jpg,images/34_eccv16.jpg,1,0,6.328954,34
Alltag,siggraph17,images/60.jpg,images/60_siggraph17.jpg,0,0,9.022204,60
Stadt,siggraph17,images/25.jpg,images/25_siggraph17.jpg,1,0,12.685533,25
Alltag,eccv16,images/43.jpg,images/43_eccv16.jpg,0,0,15.311878,43
Natur,siggraph17,images/16.jpg,images/16_siggraph17.jpg,1,1,4.081477,16
Natur,eccv16,images/7.jpg,images/7_eccv16.jpg,1,1,3.804676,7
Natur,eccv16,images/20.jpg,images/20_eccv16.jpg,0,1,14.354673,20
Stadt,siggraph17,images/37.jpg,images/37_siggraph17.jpg,1,0,6.360749,37
Natur,siggraph17,images/15.jpg,images/15_siggraph17.jpg,1,1,3.632263,15
Natur,siggraph17,images/2.jpg,images/2_siggraph17.jpg,1,0,6.641127,2
Stadt,eccv16,images/22.jpg,images/22_eccv16.jpg,1,1,7.341522,22
Stadt,eccv16,images/28.jpg,images/28_eccv16.jpg,0,0,11.430819,28
Natur,eccv16,images/14.jpg,images/14_eccv16.jpg,0,0,8.679209,14
Natur,siggraph17,images/12.jpg,images/12_siggraph17.jpg,0,0,17.948513,12
Alltag,eccv16,images/51.jpg,images/51_eccv16.jpg,0,0,2.875425,51
Stadt,siggraph17,images/30.jpg,images/30_siggraph17.jpg,0,0,4.437353,30
Natur,eccv16,images/6.jpg,images/6_eccv16.jpg,0,0,3.237251,6
Stadt,eccv16,images/32.jpg,images/32_eccv16.jpg,0,0,4.200342,32
Alltag,siggraph17,images/42.jpg,images/42_siggraph17.jpg,1,1,2.6547,42
Stadt,eccv16,images/33.jpg,images/33_eccv16.jpg,1,1,6.382246,33
Natur,siggraph17,images/17.jpg,images/17_siggraph17.jpg,1,1,5.248775,17
Stadt,eccv16,images/21.jpg,images/21_eccv16.jpg,0,0,7.472402,21
Alltag,eccv16,images/47.jpg,images/47_eccv16.jpg,0,0,3.431883,47
Alltag,eccv16,images/59.jpg,images/59_eccv16.jpg,1,1,6.480122,59
Alltag,eccv16,images/55.jpg,images/55_eccv16.jpg,0,0,2.569013,55
Alltag,siggraph17,images/57.jpg,images/57_siggraph17.jpg,0,0,3.776302,57
Natur,eccv16,images/5.jpg,images/5_eccv16.jpg,0,1,8.907739,5
Stadt,siggraph17,images/23.jpg,images/23_siggraph17.jpg,0,0,2.335231,23
Natur,siggraph17,images/8.jpg,images/8_siggraph17.jpg,1,1,8.112686,8
Stadt,siggraph17,images/38.jpg,images/38_siggraph17.jpg,1,1,6.814674,38
Natur,eccv16,images/4.jpg,images/4_eccv16.jpg,0,1,3.689299,4
Stadt,eccv16,images/39.jpg,images/39_eccv16.jpg,1,1,9.367943,39
Stadt,siggraph17,images/27.jpg,images/27_siggraph17.jpg,1,1,10.716978,27
Alltag,eccv16,images/49.jpg,images/49_eccv16.jpg,1,1,1.929048,49
Alltag,siggraph17,images/58.jpg,images/58_siggraph17.jpg,1,1,1.602107,58
Stadt,siggraph17,images/36.jpg,images/36_siggraph17.jpg,1,1,2.709603,36
Stadt,eccv16,images/26.jpg,images/26_eccv16.jpg,0,0,2.286069,26
Alltag,siggraph17,images/45.jpg,images/45_siggraph17.jpg,0,0,2.74358,45
Stadt,siggraph17,images/34.jpg,images/34_siggraph17.jpg,1,1,11.299407,34
Stadt,siggraph17,images/29.jpg,images/29_siggraph17.jpg,1,0,5.947544,29
Stadt,eccv16,images/30.jpg,images/30_eccv16.jpg,0,0,8.023196,30
Natur,siggraph17,images/5.jpg,images/5_siggraph17.jpg,1,1,9.557503,5
Alltag,eccv16,images/41.jpg,images/41_eccv16.jpg,0,0,2.913428,41
Stadt,eccv16,images/25.jpg,images/25_eccv16.jpg,1,1,3.920492,25
Stadt,siggraph17,images/36.jpg,images/36_siggraph17.jpg,1,0,3.332,36
Alltag,siggraph17,images/50.jpg,images/50_siggraph17.jpg,0,0,4.69456,50
Alltag,siggraph17,images/60.jpg,images/60_siggraph17.jpg,0,0,6.916079,60
Natur,siggraph17,images/20.jpg,images/20_siggraph17.jpg,0,0,2.323515,20
Natur,siggraph17,images/13.jpg,images/13_siggraph17.jpg,0,0,5.133457,13
Alltag,eccv16,images/43.jpg,images/43_eccv16.jpg,1,1,1.93859,43
Natur,eccv16,images/1.jpg,images/1_eccv16.jpg,0,1,5.589186,1
Stadt,eccv16,images/23.jpg,images/23_eccv16.jpg,0,0,2.351745,23
Natur,eccv16,images/6.jpg,images/6_eccv16.jpg,0,0,5.24061,6
Stadt,siggraph17,images/39.jpg,images/39_siggraph17.jpg,0,1,4.715502,39
Alltag,eccv16,images/55.jpg,images/55_eccv16.jpg,0,0,2.527712,55
Natur,eccv16,images/10.jpg,images/10_eccv16.jpg,1,0,6.590121,10
Alltag,eccv16,images/57.jpg,images/57_eccv16.jpg,1,1,15.643961,57
Stadt,eccv16,images/33.jpg,images/33_eccv16.jpg,0,1,4.685932,33
Alltag,siggraph17,images/56.jpg,images/56_siggraph17.jpg,0,0,1.339793,56
Alltag,siggraph17,images/51.jpg,images/51_siggraph17.jpg,1,1,1.273579,51
Stadt,siggraph17,images/38.jpg,images/38_siggraph17.jpg,1,1,1.734462,38
Stadt,siggraph17,images/32.jpg,images/32_siggraph17.jpg,0,0,1.95396,32
Alltag,eccv16,images/45.jpg,images/45_eccv16.jpg,0,0,1.433854,45
Alltag,eccv16,images/52.jpg,images/52_eccv16.jpg,0,0,1.56352,52
Stadt,eccv16,images/37.jpg,images/37_eccv16.jpg,1,1,2.462885,37
Alltag,siggraph17,images/48.jpg,images/48_siggraph17.jpg,0,0,2.14297,48
Stadt,eccv16,images/26.jpg,images/26_eccv16.jpg,1,1,3.004651,26
Stadt,eccv16,images/31.jpg,images/31_eccv16.jpg,1,1,1.904375,31
Natur,eccv16,images/17.jpg,images/17_eccv16.jpg,0,0,1.857303,17
Stadt,siggraph17,images/27.jpg,images/27_siggraph17.jpg,0,0,1.28965,27
Alltag,siggraph17,images/42.jpg,images/42_siggraph17.jpg,0,0,2.341103,42
Stadt,siggraph17,images/35.jpg,images/35_siggraph17.jpg,0,1,2.273592,35
Alltag,eccv16,images/53.jpg,images/53_eccv16.jpg,1,1,2.540819,53
Alltag,eccv16,images/44.jpg,images/44_eccv16.jpg,1,1,2.73063,44
Stadt,eccv16,images/28.jpg,images/28_eccv16.jpg,1,1,1.561869,28
Stadt,siggraph17,images/21.jpg,images/21_siggraph17.jpg,0,0,3.797368,21
Natur,eccv16,images/14.jpg,images/14_eccv16.jpg,1,1,0.863838,14
Natur,siggraph17,images/12.jpg,images/12_siggraph17.jpg,1,1,1.186902,12
Stadt,eccv16,images/40.jpg,images/40_eccv16.jpg,1,0,3.304598,40
Natur,siggraph17,images/4.jpg,images/4_siggraph17.jpg,1,0,2.826746,4
Natur,siggraph17,images/2.jpg,images/2_siggraph17.jpg,1,1,3.794256,2
Natur,eccv16,images/11.jpg,images/11_eccv16.jpg,1,1,1.471492,11
Natur,eccv16,images/16.jpg,images/16_eccv16.jpg,0,0,1.876826,16
Alltag,siggraph17,images/47.jpg,images/47_siggraph17.jpg,1,0,2.105599,47
Natur,eccv16,images/7.jpg,images/7_eccv16.jpg,1,1,1.13924,7
Natur,siggraph17,images/18.jpg,images/18_siggraph17.jpg,0,0,2.357166,18
Stadt,eccv16,images/22.jpg,images/22_eccv16.jpg,0,0,2.062104,22
Natur,siggraph17,images/8.jpg,images/8_siggraph17.jpg,0,0,2.905736,8
Natur,eccv16,images/19.jpg,images/19_eccv16.jpg,1,1,1.070642,19
Natur,eccv16,images/15.jpg,images/15_eccv16.jpg,1,1,1.424758,15
Alltag,siggraph17,images/58.jpg,images/58_siggraph17.jpg,0,0,1.137342,58
Natur,siggraph17,images/3.jpg,images/3_siggraph17.jpg,1,0,3.878028,3
Stadt,siggraph17,images/24.jpg,images/24_siggraph17.jpg,1,1,1.810141,24
Natur,siggraph17,images/9.jpg,images/9_siggraph17.jpg,1,0,2.057798,9
Alltag,eccv16,images/54.jpg,images/54_eccv16.jpg,1,1,1.703405,54
Alltag,eccv16,images/59.jpg,images/59_eccv16.jpg,1,1,1.107336,59
Alltag,siggraph17,images/49.jpg,images/49_siggraph17.jpg,0,0,1.638455,49
Alltag,siggraph17,images/46.jpg,images/46_siggraph17.jpg,1,1,1.200447,46
Stadt,eccv16,images/34.jpg,images/34_eccv16.jpg,1,0,3.340502,34
Natur,eccv16,images/3.jpg,images/3_eccv16.jpg,0,0,8.340576,3
Natur,eccv16,images/6.jpg,images/6_eccv16.jpg,1,1,7.940423,6
Alltag,siggraph17,images/44.jpg,images/44_siggraph17.jpg,1,1,2.125429,44
Natur,siggraph17,images/1.jpg,images/1_siggraph17.jpg,1,1,2.214703,1
Natur,eccv16,images/15.jpg,images/15_eccv16.jpg,0,0,1.596408,15
Stadt,siggraph17,images/26.jpg,images/26_siggraph17.jpg,0,0,1.131734,26
Stadt,eccv16,images/28.jpg,images/28_eccv16.jpg,0,0,4.555343,28
Natur,eccv16,images/13.jpg,images/13_eccv16.jpg,0,1,21.601804,13
Natur,eccv16,images/2.jpg,images/2_eccv16.jpg,0,0,10.314534,2
Stadt,eccv16,images/24.jpg,images/24_eccv16.jpg,1,1,8.409598,24
Alltag,siggraph17,images/46.jpg,images/46_siggraph17.jpg,0,0,4.425205,46
Alltag,eccv16,images/58.jpg,images/58_eccv16.jpg,0,0,1.585063,58
Natur,eccv16,images/19.jpg,images/19_eccv16.jpg,1,1,5.185637,19
Alltag,eccv16,images/48.jpg,images/48_eccv16.jpg,1,1,5.075297,48
Natur,eccv16,images/8.jpg,images/8_eccv16.jpg,0,0,3.587104,8
Alltag,eccv16,images/42.jpg,images/42_eccv16.jpg,0,0,3.67488,42
Alltag,siggraph17,images/59.jpg,images/59_siggraph17.jpg,1,1,2.937079,59
Stadt,eccv16,images/27.jpg,images/27_eccv16.jpg,0,0,2.869202,27
Stadt,siggraph17,images/36.jpg,images/36_siggraph17.jpg,1,1,1.446203,36
Alltag,siggraph17,images/54.jpg,images/54_siggraph17.jpg,1,1,0.961133,54
Stadt,siggraph17,images/32.jpg,images/32_siggraph17.jpg,1,1,1.221623,32
Natur,siggraph17,images/16.jpg,images/16_siggraph17.jpg,0,0,11.137752,16
Alltag,siggraph17,images/56.jpg,images/56_siggraph17.jpg,1,1,1.158085,56
Natur,eccv16,images/12.jpg,images/12_eccv16.jpg,0,0,6.379868,12
Natur,siggraph17,images/20.jpg,images/20_siggraph17.jpg,0,0,2.774187,20
Stadt,siggraph17,images/25.jpg,images/25_siggraph17.jpg,1,1,20.574866,25
Alltag,siggraph17,images/47.jpg,images/47_siggraph17.jpg,1,1,5.349639,47
Stadt,siggraph17,images/21.jpg,images/21_siggraph17.jpg,1,1,16.095414,21
Stadt,siggraph17,images/31.jpg,images/31_siggraph17.jpg,0,0,1.131068,31
Natur,siggraph17,images/9.jpg,images/9_siggraph17.jpg,1,0,10.892913,9
Stadt,eccv16,images/35.jpg,images/35_eccv16.jpg,1,1,3.165457,35
Stadt,eccv16,images/23.jpg,images/23_eccv16.jpg,1,1,1.936145,23
Stadt,eccv16,images/40.jpg,images/40_eccv16.jpg,0,0,10.145878,40
Alltag,siggraph17,images/45.jpg,images/45_siggraph17.jpg,0,0,1.996596,45
Natur,siggraph17,images/14.jpg,images/14_siggraph17.jpg,1,1,0.904465,14
Stadt,siggraph17,images/29.jpg,images/29_siggraph17.jpg,1,1,1.223715,29
Alltag,eccv16,images/51.jpg,images/51_eccv16.jpg,0,0,1.780198,51
Alltag,eccv16,images/53.jpg,images/53_eccv16.jpg,0,0,1.416823,53
Stadt,siggraph17,images/38.jpg,images/38_siggraph17.jpg,0,0,2.102855,38
Stadt,eccv16,images/33.jpg,images/33_eccv16.jpg,0,0,29.032361,33
Natur,eccv16,images/17.jpg,images/17_eccv16.jpg,1,1,3.148483,17
Alltag,eccv16,images/57.jpg,images/57_eccv16.jpg,0,0,1.646209,57
Stadt,eccv16,images/37.jpg,images/37_eccv16.jpg,1,1,2.390588,37
Alltag,siggraph17,images/60.jpg,images/60_siggraph17.jpg,0,0,8.135005,60
Natur,siggraph17,images/7.jpg,images/7_siggraph17.jpg,0,0,1.572641,7
Stadt,siggraph17,images/22.jpg,images/22_siggraph17.jpg,1,1,1.313682,22
Alltag,siggraph17,images/52.jpg,images/52_siggraph17.jpg,1,1,4.054083,52
Stadt,siggraph17,images/39.jpg,images/39_siggraph17.jpg,0,0,5.390734,39
Natur,siggraph17,images/18.jpg,images/18_siggraph17.jpg,1,1,10.636593,18
Stadt,eccv16,images/30.jpg,images/30_eccv16.jpg,0,1,1.203525,30
Natur,siggraph17,images/5.jpg,images/5_siggraph17.jpg,0,0,2.640813,5
Natur,siggraph17,images/10.jpg,images/10_siggraph17.jpg,1,1,4.281119,10
Alltag,eccv16,images/49.jpg,images/49_eccv16.jpg,0,0,1.321119,49
Alltag,eccv16,images/43.jpg,images/43_eccv16.jpg,0,0,1.13456,43
Alltag,siggraph17,images/50.jpg,images/50_siggraph17.jpg,0,0,0.970877,50
Natur,siggraph17,images/11.jpg,images/11_siggraph17.jpg,1,1,5.681288,11
Alltag,eccv16,images/41.jpg,images/41_eccv16.jpg,1,1,1.574604,41
Natur,eccv16,images/4.jpg,images/4_eccv16.jpg,1,1,6.09993,4
Alltag,eccv16,images/55.jpg,images/55_eccv16.jpg,1,1,1.00514,55
Natur,eccv16,images/1.jpg,images/1_eccv16.jpg,1,0,8.815345,1
Natur,siggraph17,images/18.jpg,images/18_siggraph17.jpg,0,0,2.917322,18
Stadt,eccv16,images/35.jpg,images/35_eccv16.jpg,1,1,2.380198,35
Stadt,eccv16,images/31.jpg,images/31_eccv16.jpg,0,0,5.515812,31
Alltag,eccv16,images/59.jpg,images/59_eccv16.jpg,0,0,5.668233,59
Stadt,siggraph17,images/25.jpg,images/25_siggraph17.jpg,1,0,3.789008,25
Natur,eccv16,images/5.jpg,images/5_eccv16.jpg,1,1,5.500201,5
Stadt,siggraph17,images/40.jpg,images/40_siggraph17.jpg,0,1,6.045917,40
Stadt,siggraph17,images/22.jpg,images/22_siggraph17.jpg,1,1,7.379394,22
Natur,siggraph17,images/15.jpg,images/15_siggraph17.jpg,0,0,11.506897,15
Natur,eccv16,images/20.jpg,images/20_eccv16.jpg,1,0,2.245736,20
Natur,eccv16,images/6.jpg,images/6_eccv16.jpg,0,0,2.323373,6
Natur,siggraph17,images/14.jpg,images/14_siggraph17.jpg,0,0,2.131242,14
Natur,siggraph17,images/11.jpg,images/11_siggraph17.jpg,0,0,3.944258,11
Alltag,eccv16,images/47.jpg,images/47_eccv16.jpg,1,1,2.726319,47
Stadt,eccv16,images/23.jpg,images/23_eccv16.jpg,1,1,1.420525,23
Natur,siggraph17,images/3.jpg,images/3_siggraph17.jpg,0,1,2.973061,3
Alltag,siggraph17,images/41.jpg,images/41_siggraph17.jpg,1,1,4.906286,41
Stadt,siggraph17,images/21.jpg,images/21_siggraph17.jpg,1,1,1.978151,21
Stadt,eccv16,images/37.jpg,images/37_eccv16.jpg,0,0,1.871966,37
Natur,siggraph17,images/19.jpg,images/19_siggraph17.jpg,1,1,1.841506,19
Stadt,siggraph17,images/34.jpg,images/34_siggraph17.jpg,1,1,2.102592,34
Stadt,eccv16,images/28.jpg,images/28_eccv16.jpg,0,0,2.389575,28
Alltag,eccv16,images/44.jpg,images/44_eccv16.jpg,1,1,33.54943,44
Alltag,eccv16,images/52.jpg,images/52_eccv16.jpg,0,0,5.296536,52
Natur,eccv16,images/10.jpg,images/10_eccv16.jpg,0,0,1.374198,10
Alltag,eccv16,images/58.jpg,images/58_eccv16.jpg,1,1,1.761368,58
Alltag,eccv16,images/49.jpg,images/49_eccv16.jpg,0,0,2.04981,49
Stadt,eccv16,images/36.jpg,images/36_eccv16.jpg,0,0,11.216045,36
Alltag,siggraph17,images/43.jpg,images/43_siggraph17.jpg,1,1,2.154121,43
Stadt,eccv16,images/32.jpg,images/32_eccv16.jpg,0,0,2.029711,32
Natur,siggraph17,images/13.jpg,images/13_siggraph17.jpg,0,0,2.140007,13
Alltag,siggraph17,images/46.jpg,images/46_siggraph17.jpg,1,1,1.762155,46
Stadt,siggraph17,images/33.jpg,images/33_siggraph17.jpg,0,1,1.86544,33
Stadt,siggraph17,images/29.jpg,images/29_siggraph17.jpg,1,1,2.740098,29
Natur,eccv16,images/16.jpg,images/16_eccv16.jpg,0,0,1.623672,16
Natur,eccv16,images/9.jpg,images/9_eccv16.jpg,1,1,3.042904,9
Alltag,siggraph17,images/54.jpg,images/54_siggraph17.jpg,0,1,2.044629,54
Natur,siggraph17,images/7.jpg,images/7_siggraph17.jpg,1,1,1.075027,7
Stadt,siggraph17,images/26.jpg,images/26_siggraph17.jpg,0,0,1.341897,26
Alltag,siggraph17,images/45.jpg,images/45_siggraph17.jpg,1,1,3.186619,45
Alltag,siggraph17,images/51.jpg,images/51_siggraph17.jpg,1,1,1.670246,51
Natur,siggraph17,images/17.jpg,images/17_siggraph17.jpg,1,1,1.804774,17
Alltag,siggraph17,images/60.jpg,images/60_siggraph17.jpg,0,0,3.938983,60
Alltag,siggraph17,images/48.jpg,images/48_siggraph17.jpg,0,0,2.05001,48
Alltag,eccv16,images/56.jpg,images/56_eccv16.jpg,1,1,1.293013,56
Stadt,eccv16,images/30.jpg,images/30_eccv16.jpg,0,0,1.613713,30
Natur,eccv16,images/8.jpg,images/8_eccv16.jpg,0,0,1.527258,8
Alltag,siggraph17,images/50.jpg,images/50_siggraph17.jpg,1,1,1.252125,50
Alltag,eccv16,images/53.jpg,images/53_eccv16.jpg,1,1,1.114791,53
Alltag,siggraph17,images/55.jpg,images/55_siggraph17.jpg,0,0,3.426981,55
Alltag,eccv16,images/57.jpg,images/57_eccv16.jpg,0,0,1.340495,57
Natur,siggraph17,images/4.jpg,images/4_siggraph17.jpg,1,0,1.730464,4
Stadt,siggraph17,images/38.jpg,images/38_siggraph17.jpg,0,0,2.512312,38
Natur,eccv16,images/2.jpg,images/2_eccv16.jpg,0,0,1.889808,2
Natur,eccv16,images/12.jpg,images/12_eccv16.jpg,1,1,1.518374,12
Stadt,eccv16,images/39.jpg,images/39_eccv16.jpg,0,0,1.202919,39
Stadt,siggraph17,images/24.jpg,images/24_siggraph17.jpg,1,1,0.971347,24
Stadt,eccv16,images/27.jpg,images/27_eccv16.jpg,0,0,0.986879,27
Alltag,eccv16,images/42.jpg,images/42_eccv16.jpg,1,1,0.92404,42